Reference,Value,Footprint,LCSC,Manufacturer Part Number,Pad,Net
C101,CL05B104KO5NNNC,0402,C1525,CL05B104KO5NNNC,1,3V3_SYS
C101,CL05B104KO5NNNC,0402,C1525,CL05B104KO5NNNC,2,GND
C102,CL05B104KO5NNNC,0402,C1525,CL05B104KO5NNNC,1,3V3_SYS
C102,CL05B104KO5NNNC,0402,C1525,CL05B104KO5NNNC,2,GND
C103,CL05B104KO5NNNC,0402,C1525,CL05B104KO5NNNC,1,1V1_HP
C103,CL05B104KO5NNNC,0402,C1525,CL05B104KO5NNNC,2,GND
C104,CL05B104KO5NNNC,0402,C1525,CL05B104KO5NNNC,1,VDDO_FLASH_3V3
C104,CL05B104KO5NNNC,0402,C1525,CL05B104KO5NNNC,2,GND
C105,CL05B104KO5NNNC,0402,C1525,CL05B104KO5NNNC,1,1V1_HP
C105,CL05B104KO5NNNC,0402,C1525,CL05B104KO5NNNC,2,GND
C106,CL05B104KO5NNNC,0402,C1525,CL05B104KO5NNNC,1,3V3_SYS
C106,CL05B104KO5NNNC,0402,C1525,CL05B104KO5NNNC,2,GND
C107,CL05B103KB5NNNC,0402,C15195,CL05B103KB5NNNC,1,VDDO_MIPI_2V5
C107,CL05B103KB5NNNC,0402,C15195,CL05B103KB5NNNC,2,GND
C108,CL05B104KO5NNNC,0402,C1525,CL05B104KO5NNNC,1,VDDO_MIPI_2V5
C108,CL05B104KO5NNNC,0402,C1525,CL05B104KO5NNNC,2,GND
C109,CL05A105KA5NQNC,0402,C52923,CL05A105KA5NQNC,1,VDDO_MIPI_2V5
C109,CL05A105KA5NQNC,0402,C52923,CL05A105KA5NQNC,2,GND
C110,CL05B103KB5NNNC,0402,C15195,CL05B103KB5NNNC,1,VDD_USBPHY_LOCAL
C110,CL05B103KB5NNNC,0402,C15195,CL05B103KB5NNNC,2,GND
C111,CL05B104KO5NNNC,0402,C1525,CL05B104KO5NNNC,1,VDD_USBPHY_LOCAL
C111,CL05B104KO5NNNC,0402,C1525,CL05B104KO5NNNC,2,GND
C112,0603X5R475K100NT,0603,C49326376,0603X5R475K100NT,1,VDD_USBPHY_LOCAL
C112,0603X5R475K100NT,0603,C49326376,0603X5R475K100NT,2,GND
C113,CL05B104KO5NNNC,0402,C1525,CL05B104KO5NNNC,1,VDDO_PSRAM_1V9
C113,CL05B104KO5NNNC,0402,C1525,CL05B104KO5NNNC,2,GND
C114,CL05B104KO5NNNC,0402,C1525,CL05B104KO5NNNC,1,3V3_SYS
C114,CL05B104KO5NNNC,0402,C1525,CL05B104KO5NNNC,2,GND
C115,CL05A105KA5NQNC,0402,C52923,CL05A105KA5NQNC,1,VDDO_FLASH_3V3
C115,CL05A105KA5NQNC,0402,C52923,CL05A105KA5NQNC,2,GND
C116,CL05B104KO5NNNC,0402,C1525,CL05B104KO5NNNC,1,VDDO_PSRAM_1V9
C116,CL05B104KO5NNNC,0402,C1525,CL05B104KO5NNNC,2,GND
C117,CL05B104KO5NNNC,0402,C1525,CL05B104KO5NNNC,1,3V3_SYS
C117,CL05B104KO5NNNC,0402,C1525,CL05B104KO5NNNC,2,GND
C118,CL05A105KA5NQNC,0402,C52923,CL05A105KA5NQNC,1,VDDO_PSRAM_1V9
C118,CL05A105KA5NQNC,0402,C52923,CL05A105KA5NQNC,2,GND
C119,CL05A105KA5NQNC,0402,C52923,CL05A105KA5NQNC,1,VDDO_PSRAM_1V9
C119,CL05A105KA5NQNC,0402,C52923,CL05A105KA5NQNC,2,GND
C120,CL05A105KA5NQNC,0402,C52923,CL05A105KA5NQNC,1,VDDO_FLASH_3V3
C120,CL05A105KA5NQNC,0402,C52923,CL05A105KA5NQNC,2,GND
C121,CL05A105KA5NQNC,0402,C52923,CL05A105KA5NQNC,1,VDDO_PSRAM_1V9
C121,CL05A105KA5NQNC,0402,C52923,CL05A105KA5NQNC,2,GND
C122,CL05A105KA5NQNC,0402,C52923,CL05A105KA5NQNC,1,VDDO_MIPI_2V5
C122,CL05A105KA5NQNC,0402,C52923,CL05A105KA5NQNC,2,GND
C123,C0805C106K8PAC7800,0805,C141033,C0805C106K8PAC7800,1,3V3_SYS
C123,C0805C106K8PAC7800,0805,C141033,C0805C106K8PAC7800,2,GND
C124,CL05B104KO5NNNC,0402,C1525,CL05B104KO5NNNC,1,3V3_SYS
C124,CL05B104KO5NNNC,0402,C1525,CL05B104KO5NNNC,2,GND
C125,CL05B104KO5NNNC,0402,C1525,CL05B104KO5NNNC,1,1V1_HP
C125,CL05B104KO5NNNC,0402,C1525,CL05B104KO5NNNC,2,GND
C126,C0805C106K8PAC7800,0805,C141033,C0805C106K8PAC7800,1,3V3_SYS
C126,C0805C106K8PAC7800,0805,C141033,C0805C106K8PAC7800,2,GND
C127,CL05B104KO5NNNC,0402,C1525,CL05B104KO5NNNC,1,3V3_SYS
C127,CL05B104KO5NNNC,0402,C1525,CL05B104KO5NNNC,2,GND
C128,CL05B104KO5NNNC,0402,C1525,CL05B104KO5NNNC,1,3V3_SYS
C128,CL05B104KO5NNNC,0402,C1525,CL05B104KO5NNNC,2,GND
C129,CL05B104KO5NNNC,0402,C1525,CL05B104KO5NNNC,1,1V1_HP
C129,CL05B104KO5NNNC,0402,C1525,CL05B104KO5NNNC,2,GND
C130,CL05B104KO5NNNC,0402,C1525,CL05B104KO5NNNC,1,3V3_SYS
C130,CL05B104KO5NNNC,0402,C1525,CL05B104KO5NNNC,2,GND
C131,CL05B104KO5NNNC,0402,C1525,CL05B104KO5NNNC,1,3V3_SYS
C131,CL05B104KO5NNNC,0402,C1525,CL05B104KO5NNNC,2,GND
C132,CL05B104KO5NNNC,0402,C1525,CL05B104KO5NNNC,1,3V3_SYS
C132,CL05B104KO5NNNC,0402,C1525,CL05B104KO5NNNC,2,GND
C133,C0805C106K8PAC7800,0805,C141033,C0805C106K8PAC7800,1,3V3_SYS
C133,C0805C106K8PAC7800,0805,C141033,C0805C106K8PAC7800,2,GND
C134,0402 C0G 22pF,0402,C1555,,1,1V1_HP
C134,0402 C0G 22pF,0402,C1555,,2,FB_DCDC
C135,C0805X5R6R3-226MNE,0805,C3881487,C0805X5R6R3-226MNE,1,1V1_HP
C135,C0805X5R6R3-226MNE,0805,C3881487,C0805X5R6R3-226MNE,2,GND
C136,CL05A105KA5NQNC,0402,C52923,CL05A105KA5NQNC,1,CHIP_PU
C136,CL05A105KA5NQNC,0402,C52923,CL05A105KA5NQNC,2,GND
C201,CL05B104KO5NNNC,0402,C1525,CL05B104KO5NNNC,1,VDDO_FLASH_3V3
C201,CL05B104KO5NNNC,0402,C1525,CL05B104KO5NNNC,2,GND
C202,CL05A105KA5NQNC,0402,C52923,CL05A105KA5NQNC,1,VDDO_FLASH_3V3
C202,CL05A105KA5NQNC,0402,C52923,CL05A105KA5NQNC,2,GND
C203,0402CG120J500NT,0402,C1547,0402CG120J500NT,1,XTAL_P
C203,0402CG120J500NT,0402,C1547,0402CG120J500NT,2,GND
C204,0402CG120J500NT,0402,C1547,0402CG120J500NT,1,XTAL_N
C204,0402CG120J500NT,0402,C1547,0402CG120J500NT,2,GND
C301,CL05B104KO5NNNC,0402,C1525,CL05B104KO5NNNC,1,SYS_RAW
C301,CL05B104KO5NNNC,0402,C1525,CL05B104KO5NNNC,2,GND
C302,CL05B104KO5NNNC,0402,C1525,CL05B104KO5NNNC,1,3V3_SYS
C302,CL05B104KO5NNNC,0402,C1525,CL05B104KO5NNNC,2,GND
C303,CL05B104KO5NNNC,0402,C1525,CL05B104KO5NNNC,1,3V3_SYS
C303,CL05B104KO5NNNC,0402,C1525,CL05B104KO5NNNC,2,GND
C304,CL05B104KO5NNNC,0402,C1525,CL05B104KO5NNNC,1,LCD_1V8
C304,CL05B104KO5NNNC,0402,C1525,CL05B104KO5NNNC,2,GND
C305,CL05A105KA5NQNC,0402,C52923,CL05A105KA5NQNC,1,3V3_SYS
C305,CL05A105KA5NQNC,0402,C52923,CL05A105KA5NQNC,2,GND
C306,CL05A105KA5NQNC,0402,C52923,CL05A105KA5NQNC,1,LCD_1V8
C306,CL05A105KA5NQNC,0402,C52923,CL05A105KA5NQNC,2,GND
C307,CL05A105KA5NQNC,0402,C52923,CL05A105KA5NQNC,1,3V3_SYS
C307,CL05A105KA5NQNC,0402,C52923,CL05A105KA5NQNC,2,GND
C308,CL05A105KA5NQNC,0402,C52923,CL05A105KA5NQNC,1,LCD_VCI_3V0
C308,CL05A105KA5NQNC,0402,C52923,CL05A105KA5NQNC,2,GND
C309,CL10A105KB8NNNC,0603,C15849,CL10A105KB8NNNC,1,LCD_LED_A
C309,CL10A105KB8NNNC,0603,C15849,CL10A105KB8NNNC,2,GND
C310,CL05B224KO5NNNC,0402,C16772,CL05B224KO5NNNC,1,BL_COMP
C310,CL05B224KO5NNNC,0402,C16772,CL05B224KO5NNNC,2,GND
C311,0603X5R475K100NT,0603,C49326376,0603X5R475K100NT,1,SYS_RAW
C311,0603X5R475K100NT,0603,C49326376,0603X5R475K100NT,2,GND
C401,CL05B104KO5NNNC,0402,C1525,CL05B104KO5NNNC,1,U4_VAUX
C401,CL05B104KO5NNNC,0402,C1525,CL05B104KO5NNNC,2,GND
C402,CL05B104KO5NNNC,0402,C1525,CL05B104KO5NNNC,1,SYS_RAW
C402,CL05B104KO5NNNC,0402,C1525,CL05B104KO5NNNC,2,GND
C403,CL05B104KO5NNNC,0402,C1525,CL05B104KO5NNNC,1,USB_VBUS
C403,CL05B104KO5NNNC,0402,C1525,CL05B104KO5NNNC,2,GND
C404,CL05B104KO5NNNC,0402,C1525,CL05B104KO5NNNC,1,3V3_SYS
C404,CL05B104KO5NNNC,0402,C1525,CL05B104KO5NNNC,2,GND
C405,CL05B104KO5NNNC,0402,C1525,CL05B104KO5NNNC,1,3V3_SYS
C405,CL05B104KO5NNNC,0402,C1525,CL05B104KO5NNNC,2,GND
C406,CL05B104KO5NNNC,0402,C1525,CL05B104KO5NNNC,1,3V3_SYS
C406,CL05B104KO5NNNC,0402,C1525,CL05B104KO5NNNC,2,GND
C407,CL05B104KO5NNNC,0402,C1525,CL05B104KO5NNNC,1,3V3_SYS
C407,CL05B104KO5NNNC,0402,C1525,CL05B104KO5NNNC,2,GND
C408,CL05A105KA5NQNC,0402,C52923,CL05A105KA5NQNC,1,3V3_SYS
C408,CL05A105KA5NQNC,0402,C52923,CL05A105KA5NQNC,2,GND
C409,0603X5R475K100NT,0603,C49326376,0603X5R475K100NT,1,USB_VBUS
C409,0603X5R475K100NT,0603,C49326376,0603X5R475K100NT,2,GND
C410,0603X5R475K100NT,0603,C49326376,0603X5R475K100NT,1,3V3_SYS
C410,0603X5R475K100NT,0603,C49326376,0603X5R475K100NT,2,GND
C411,C0805C106K8PAC7800,0805,C141033,C0805C106K8PAC7800,1,SYS_RAW
C411,C0805C106K8PAC7800,0805,C141033,C0805C106K8PAC7800,2,GND
C412,C0805C106K8PAC7800,0805,C141033,C0805C106K8PAC7800,1,BAT_PLUS
C412,C0805C106K8PAC7800,0805,C141033,C0805C106K8PAC7800,2,GND
C413,C0805X5R6R3-226MNE,0805,C3881487,C0805X5R6R3-226MNE,1,SYS_RAW
C413,C0805X5R6R3-226MNE,0805,C3881487,C0805X5R6R3-226MNE,2,GND
C414,C0805X5R6R3-226MNE,0805,C3881487,C0805X5R6R3-226MNE,1,3V3_SYS
C414,C0805X5R6R3-226MNE,0805,C3881487,C0805X5R6R3-226MNE,2,GND
C415,C0805X5R6R3-226MNE,0805,C3881487,C0805X5R6R3-226MNE,1,3V3_SYS
C415,C0805X5R6R3-226MNE,0805,C3881487,C0805X5R6R3-226MNE,2,GND
C501,CL05B104KO5NNNC,0402,C1525,CL05B104KO5NNNC,1,SYS_RAW
C501,CL05B104KO5NNNC,0402,C1525,CL05B104KO5NNNC,2,GND
C502,CL05B104KO5NNNC,0402,C1525,CL05B104KO5NNNC,1,SYS_RAW
C502,CL05B104KO5NNNC,0402,C1525,CL05B104KO5NNNC,2,GND
C503,CL05B104KO5NNNC,0402,C1525,CL05B104KO5NNNC,1,SYS_RAW
C503,CL05B104KO5NNNC,0402,C1525,CL05B104KO5NNNC,2,GND
C504,CL05B104KO5NNNC,0402,C1525,CL05B104KO5NNNC,1,SYS_RAW
C504,CL05B104KO5NNNC,0402,C1525,CL05B104KO5NNNC,2,GND
C505,CL05A105KA5NQNC,0402,C52923,CL05A105KA5NQNC,1,SYS_RAW
C505,CL05A105KA5NQNC,0402,C52923,CL05A105KA5NQNC,2,GND
C506,CL05A105KA5NQNC,0402,C52923,CL05A105KA5NQNC,1,SYS_RAW
C506,CL05A105KA5NQNC,0402,C52923,CL05A105KA5NQNC,2,GND
C601,CL05B104KO5NNNC,0402,C1525,CL05B104KO5NNNC,1,PWR_WAKE
C601,CL05B104KO5NNNC,0402,C1525,CL05B104KO5NNNC,2,GND
C602,CL05B104KO5NNNC,0402,C1525,CL05B104KO5NNNC,1,RESET_MR
C602,CL05B104KO5NNNC,0402,C1525,CL05B104KO5NNNC,2,GND
C603,CL05B104KO5NNNC,0402,C1525,CL05B104KO5NNNC,1,BAT_ADC
C603,CL05B104KO5NNNC,0402,C1525,CL05B104KO5NNNC,2,GND
D1,"PESD5V0S1UL,315",SOD-882,C85402,"PESD5V0S1UL,315",1,USB_VBUS
D1,"PESD5V0S1UL,315",SOD-882,C85402,"PESD5V0S1UL,315",2,GND
D2,STPS1L40ZFY,SOD-123FL,C222366,STPS1L40ZFY,A,BL_SW
D2,STPS1L40ZFY,SOD-123FL,C222366,STPS1L40ZFY,K,LCD_LED_A
J1,FH12-20S-0.5SH(55),FPC 20P 0.5 mm bottom-contact ZIF,C596730,FH12-20S-0.5SH(55),1,LCD_RESX
J1,FH12-20S-0.5SH(55),FPC 20P 0.5 mm bottom-contact ZIF,C596730,FH12-20S-0.5SH(55),2,LCD_VCI_3V0
J1,FH12-20S-0.5SH(55),FPC 20P 0.5 mm bottom-contact ZIF,C596730,FH12-20S-0.5SH(55),3,LCD_1V8
J1,FH12-20S-0.5SH(55),FPC 20P 0.5 mm bottom-contact ZIF,C596730,FH12-20S-0.5SH(55),4,NC_PANEL_D3P
J1,FH12-20S-0.5SH(55),FPC 20P 0.5 mm bottom-contact ZIF,C596730,FH12-20S-0.5SH(55),5,NC_PANEL_D3N
J1,FH12-20S-0.5SH(55),FPC 20P 0.5 mm bottom-contact ZIF,C596730,FH12-20S-0.5SH(55),6,GND
J1,FH12-20S-0.5SH(55),FPC 20P 0.5 mm bottom-contact ZIF,C596730,FH12-20S-0.5SH(55),7,NC_PANEL_D2P
J1,FH12-20S-0.5SH(55),FPC 20P 0.5 mm bottom-contact ZIF,C596730,FH12-20S-0.5SH(55),8,NC_PANEL_D2N
J1,FH12-20S-0.5SH(55),FPC 20P 0.5 mm bottom-contact ZIF,C596730,FH12-20S-0.5SH(55),9,GND
J1,FH12-20S-0.5SH(55),FPC 20P 0.5 mm bottom-contact ZIF,C596730,FH12-20S-0.5SH(55),10,MIPI_DSI_CLK_P
J1,FH12-20S-0.5SH(55),FPC 20P 0.5 mm bottom-contact ZIF,C596730,FH12-20S-0.5SH(55),11,MIPI_DSI_CLK_N
J1,FH12-20S-0.5SH(55),FPC 20P 0.5 mm bottom-contact ZIF,C596730,FH12-20S-0.5SH(55),12,GND
J1,FH12-20S-0.5SH(55),FPC 20P 0.5 mm bottom-contact ZIF,C596730,FH12-20S-0.5SH(55),13,MIPI_DSI_D1_P
J1,FH12-20S-0.5SH(55),FPC 20P 0.5 mm bottom-contact ZIF,C596730,FH12-20S-0.5SH(55),14,MIPI_DSI_D1_N
J1,FH12-20S-0.5SH(55),FPC 20P 0.5 mm bottom-contact ZIF,C596730,FH12-20S-0.5SH(55),15,GND
J1,FH12-20S-0.5SH(55),FPC 20P 0.5 mm bottom-contact ZIF,C596730,FH12-20S-0.5SH(55),16,MIPI_DSI_D0_P
J1,FH12-20S-0.5SH(55),FPC 20P 0.5 mm bottom-contact ZIF,C596730,FH12-20S-0.5SH(55),17,MIPI_DSI_D0_N
J1,FH12-20S-0.5SH(55),FPC 20P 0.5 mm bottom-contact ZIF,C596730,FH12-20S-0.5SH(55),18,GND
J1,FH12-20S-0.5SH(55),FPC 20P 0.5 mm bottom-contact ZIF,C596730,FH12-20S-0.5SH(55),19,LCD_LED_K
J1,FH12-20S-0.5SH(55),FPC 20P 0.5 mm bottom-contact ZIF,C596730,FH12-20S-0.5SH(55),20,LCD_LED_A
J1,FH12-20S-0.5SH(55),FPC 20P 0.5 mm bottom-contact ZIF,C596730,FH12-20S-0.5SH(55),MP,(no net)
J1,FH12-20S-0.5SH(55),FPC 20P 0.5 mm bottom-contact ZIF,C596730,FH12-20S-0.5SH(55),MP,(no net)
J2,USB4105-GF-A-120,USB-C receptacle,C5184243,USB4105-GF-A-120,,(no net)
J2,USB4105-GF-A-120,USB-C receptacle,C5184243,USB4105-GF-A-120,,(no net)
J2,USB4105-GF-A-120,USB-C receptacle,C5184243,USB4105-GF-A-120,A1,GND
J2,USB4105-GF-A-120,USB-C receptacle,C5184243,USB4105-GF-A-120,A12,GND
J2,USB4105-GF-A-120,USB-C receptacle,C5184243,USB4105-GF-A-120,A4,USB_VBUS
J2,USB4105-GF-A-120,USB-C receptacle,C5184243,USB4105-GF-A-120,A5,USB_CC1
J2,USB4105-GF-A-120,USB-C receptacle,C5184243,USB4105-GF-A-120,A6,USB_DP_CONN
J2,USB4105-GF-A-120,USB-C receptacle,C5184243,USB4105-GF-A-120,A7,USB_DM_CONN
J2,USB4105-GF-A-120,USB-C receptacle,C5184243,USB4105-GF-A-120,A8,NC_SBU1
J2,USB4105-GF-A-120,USB-C receptacle,C5184243,USB4105-GF-A-120,A9,USB_VBUS
J2,USB4105-GF-A-120,USB-C receptacle,C5184243,USB4105-GF-A-120,B1,GND
J2,USB4105-GF-A-120,USB-C receptacle,C5184243,USB4105-GF-A-120,B12,GND
J2,USB4105-GF-A-120,USB-C receptacle,C5184243,USB4105-GF-A-120,B4,USB_VBUS
J2,USB4105-GF-A-120,USB-C receptacle,C5184243,USB4105-GF-A-120,B5,USB_CC2
J2,USB4105-GF-A-120,USB-C receptacle,C5184243,USB4105-GF-A-120,B6,USB_DP_CONN
J2,USB4105-GF-A-120,USB-C receptacle,C5184243,USB4105-GF-A-120,B7,USB_DM_CONN
J2,USB4105-GF-A-120,USB-C receptacle,C5184243,USB4105-GF-A-120,B8,NC_SBU2
J2,USB4105-GF-A-120,USB-C receptacle,C5184243,USB4105-GF-A-120,B9,USB_VBUS
J2,USB4105-GF-A-120,USB-C receptacle,C5184243,USB4105-GF-A-120,SH,CHASSIS_GND
J2,USB4105-GF-A-120,USB-C receptacle,C5184243,USB4105-GF-A-120,SH,CHASSIS_GND
J2,USB4105-GF-A-120,USB-C receptacle,C5184243,USB4105-GF-A-120,SH,CHASSIS_GND
J2,USB4105-GF-A-120,USB-C receptacle,C5184243,USB4105-GF-A-120,SH,CHASSIS_GND
J3,SM02B-SRSS-TB(LF)(SN),JST SH 2P side entry,C160402,SM02B-SRSS-TB(LF)(SN),1,BAT_PLUS
J3,SM02B-SRSS-TB(LF)(SN),JST SH 2P side entry,C160402,SM02B-SRSS-TB(LF)(SN),2,GND
J3,SM02B-SRSS-TB(LF)(SN),JST SH 2P side entry,C160402,SM02B-SRSS-TB(LF)(SN),MP,(no net)
J3,SM02B-SRSS-TB(LF)(SN),JST SH 2P side entry,C160402,SM02B-SRSS-TB(LF)(SN),MP,(no net)
J4,SM02B-SRSS-TB(LF)(SN),JST SH 2P side entry,C160402,SM02B-SRSS-TB(LF)(SN),1,SPK_L_P
J4,SM02B-SRSS-TB(LF)(SN),JST SH 2P side entry,C160402,SM02B-SRSS-TB(LF)(SN),2,SPK_L_N
J4,SM02B-SRSS-TB(LF)(SN),JST SH 2P side entry,C160402,SM02B-SRSS-TB(LF)(SN),MP,(no net)
J4,SM02B-SRSS-TB(LF)(SN),JST SH 2P side entry,C160402,SM02B-SRSS-TB(LF)(SN),MP,(no net)
J5,SM02B-SRSS-TB(LF)(SN),JST SH 2P side entry,C160402,SM02B-SRSS-TB(LF)(SN),1,SPK_R_P
J5,SM02B-SRSS-TB(LF)(SN),JST SH 2P side entry,C160402,SM02B-SRSS-TB(LF)(SN),2,SPK_R_N
J5,SM02B-SRSS-TB(LF)(SN),JST SH 2P side entry,C160402,SM02B-SRSS-TB(LF)(SN),MP,(no net)
J5,SM02B-SRSS-TB(LF)(SN),JST SH 2P side entry,C160402,SM02B-SRSS-TB(LF)(SN),MP,(no net)
L1,MWSA0402S-1R0MT,4.4x4.2 SMD,C408332,MWSA0402S-1R0MT,1,U4_L1_SW
L1,MWSA0402S-1R0MT,4.4x4.2 SMD,C408332,MWSA0402S-1R0MT,2,U4_L2_SW
L2,ASWPA4035S2R2MT,Power inductor 4035,C340207,ASWPA4035S2R2MT,1,CORE_SW
L2,ASWPA4035S2R2MT,Power inductor 4035,C340207,ASWPA4035S2R2MT,2,1V1_HP
L3,WPN4020H100MT,4x4 SMD,C98364,WPN4020H100MT,1,SYS_RAW
L3,WPN4020H100MT,4x4 SMD,C98364,WPN4020H100MT,2,BL_SW
Q1,2N7002,SOT-23,C8545,2N7002,1,LCD_RESET_GATE
Q1,2N7002,SOT-23,C8545,2N7002,2,GND
Q1,2N7002,SOT-23,C8545,2N7002,3,LCD_RESX
R103,RMCF0402FT4K02,0402,C2479401,RMCF0402FT4K02,1,DSI_REXT
R103,RMCF0402FT4K02,0402,C2479401,RMCF0402FT4K02,2,GND
R104,RM04FTN4993,0402,C156111,RM04FTN4993,1,1V1_HP
R104,RM04FTN4993,0402,C156111,RM04FTN4993,2,FB_DCDC
R105,RM04FTN4993,0402,C156111,RM04FTN4993,1,FB_DCDC
R105,RM04FTN4993,0402,C156111,RM04FTN4993,2,GND
R106,0402WGF1002TCE,0402,C25744,0402WGF1002TCE,1,3V3_SYS
R106,0402WGF1002TCE,0402,C25744,0402WGF1002TCE,2,CHIP_PU
R107,0402WGF1002TCE,0402,C25744,0402WGF1002TCE,1,STRAP_GPIO34
R107,0402WGF1002TCE,0402,C25744,0402WGF1002TCE,2,GND
R108,0402WGF1002TCE,0402,C25744,0402WGF1002TCE,1,3V3_SYS
R108,0402WGF1002TCE,0402,C25744,0402WGF1002TCE,2,BOOT_STRAP
R109,0402WGF1002TCE,0402,C25744,0402WGF1002TCE,1,3V3_SYS
R109,0402WGF1002TCE,0402,C25744,0402WGF1002TCE,2,DOWNLOAD_STRAP_GPIO36
R110,0402WGF1002TCE,0402,C25744,0402WGF1002TCE,1,3V3_SYS
R110,0402WGF1002TCE,0402,C25744,0402WGF1002TCE,2,PWR_WAKE
R111,0402WGF1002TCE,0402,C25744,0402WGF1002TCE,1,3V3_SYS
R111,0402WGF1002TCE,0402,C25744,0402WGF1002TCE,2,BTN_LEFT
R112,0402WGF1002TCE,0402,C25744,0402WGF1002TCE,1,3V3_SYS
R112,0402WGF1002TCE,0402,C25744,0402WGF1002TCE,2,BTN_RIGHT
R201,0402WGF0000TCE,0402,C17168,0402WGF0000TCE,1,FLASH_CS_SOC
R201,0402WGF0000TCE,0402,C17168,0402WGF0000TCE,2,FLASH_CS_N
R202,0402WGF0000TCE,0402,C17168,0402WGF0000TCE,1,FLASH_CLK_SOC
R202,0402WGF0000TCE,0402,C17168,0402WGF0000TCE,2,FLASH_CLK
R203,0402WGF0000TCE,0402,C17168,0402WGF0000TCE,1,FLASH_IO0_SOC
R203,0402WGF0000TCE,0402,C17168,0402WGF0000TCE,2,FLASH_IO0
R204,0402WGF0000TCE,0402,C17168,0402WGF0000TCE,1,FLASH_IO1_SOC
R204,0402WGF0000TCE,0402,C17168,0402WGF0000TCE,2,FLASH_IO1
R205,0402WGF0000TCE,0402,C17168,0402WGF0000TCE,1,FLASH_IO2_SOC
R205,0402WGF0000TCE,0402,C17168,0402WGF0000TCE,2,FLASH_IO2
R206,0402WGF0000TCE,0402,C17168,0402WGF0000TCE,1,FLASH_IO3_SOC
R206,0402WGF0000TCE,0402,C17168,0402WGF0000TCE,2,FLASH_IO3
R207,0402WGF0000TCE,0402,C17168,0402WGF0000TCE,1,XTAL_P_SOC
R207,0402WGF0000TCE,0402,C17168,0402WGF0000TCE,2,XTAL_P
R208,0402WGF0000TCE,0402,C17168,0402WGF0000TCE,1,XTAL_N_SOC
R208,0402WGF0000TCE,0402,C17168,0402WGF0000TCE,2,XTAL_N
R209,0402WGF1002TCE,0402,C25744,0402WGF1002TCE,1,VDDO_FLASH_3V3
R209,0402WGF1002TCE,0402,C25744,0402WGF1002TCE,2,FLASH_CS_N
R301,0402WGF0000TCE,0402,C17168,0402WGF0000TCE,1,DSI_CLK_P_SOC
R301,0402WGF0000TCE,0402,C17168,0402WGF0000TCE,2,MIPI_DSI_CLK_P
R302,0402WGF0000TCE,0402,C17168,0402WGF0000TCE,1,DSI_CLK_N_SOC
R302,0402WGF0000TCE,0402,C17168,0402WGF0000TCE,2,MIPI_DSI_CLK_N
R303,0402WGF0000TCE,0402,C17168,0402WGF0000TCE,1,DSI_D0_P_SOC
R303,0402WGF0000TCE,0402,C17168,0402WGF0000TCE,2,MIPI_DSI_D0_P
R304,0402WGF0000TCE,0402,C17168,0402WGF0000TCE,1,DSI_D0_N_SOC
R304,0402WGF0000TCE,0402,C17168,0402WGF0000TCE,2,MIPI_DSI_D0_N
R305,0402WGF0000TCE,0402,C17168,0402WGF0000TCE,1,DSI_D1_P_SOC
R305,0402WGF0000TCE,0402,C17168,0402WGF0000TCE,2,MIPI_DSI_D1_P
R306,0402WGF0000TCE,0402,C17168,0402WGF0000TCE,1,DSI_D1_N_SOC
R306,0402WGF0000TCE,0402,C17168,0402WGF0000TCE,2,MIPI_DSI_D1_N
R307,0402WGF1002TCE,0402,C25744,0402WGF1002TCE,1,LCD_1V8
R307,0402WGF1002TCE,0402,C25744,0402WGF1002TCE,2,LCD_RESX
R308,0402WGF1003TCE,0402,C25741,0402WGF1003TCE,1,3V3_SYS
R308,0402WGF1003TCE,0402,C25741,0402WGF1003TCE,2,LCD_RESET_GATE
R309,0603WAF510KT5E,0603,C25197,0603WAF510KT5E,1,LCD_LED_K
R309,0603WAF510KT5E,0603,C25197,0603WAF510KT5E,2,GND
R401,0402WGF0000TCE,0402,C17168,0402WGF0000TCE,1,USB_JTAG_DP
R401,0402WGF0000TCE,0402,C17168,0402WGF0000TCE,2,USB_DP_CONN
R402,0402WGF0000TCE,0402,C17168,0402WGF0000TCE,1,USB_JTAG_DM
R402,0402WGF0000TCE,0402,C17168,0402WGF0000TCE,2,USB_DM_CONN
R403,0402WGF0000TCE,0402,C17168,0402WGF0000TCE,1,3V3_SYS
R403,0402WGF0000TCE,0402,C17168,0402WGF0000TCE,2,VDD_USBPHY_LOCAL
R404,0402WGF0000TCE,0402,C17168,0402WGF0000TCE,1,CHASSIS_GND
R404,0402WGF0000TCE,0402,C17168,0402WGF0000TCE,2,GND
R410,0402WGF4703TCE,0402,C25790,0402WGF4703TCE,1,3V3_SYS
R410,0402WGF4703TCE,0402,C25790,0402WGF4703TCE,2,U4_FB
R411,0402WGF1503TCE,0402,C25755,0402WGF1503TCE,1,U4_FB
R411,0402WGF1503TCE,0402,C25755,0402WGF1503TCE,2,GND
R412,0402WGF3601TCE,0402,C25891,0402WGF3601TCE,1,BQ_ISET
R412,0402WGF3601TCE,0402,C25891,0402WGF3601TCE,2,GND
R413,0402WGF3301TCE,0402,C25890,0402WGF3301TCE,1,BQ_ITERM
R413,0402WGF3301TCE,0402,C25890,0402WGF3301TCE,2,GND
R414,0402WGF4702TCE,0402,C25792,0402WGF4702TCE,1,BQ_TMR
R414,0402WGF4702TCE,0402,C25792,0402WGF4702TCE,2,GND
R415,0402WGF1501TCE,0402,C25867,0402WGF1501TCE,1,BQ_ILIM
R415,0402WGF1501TCE,0402,C25867,0402WGF1501TCE,2,GND
R416,0402WGF4703TCE,0402,C25790,0402WGF4703TCE,1,USB_VBUS
R416,0402WGF4703TCE,0402,C25790,0402WGF4703TCE,2,USB_VBUS_SENSE_MID
R417,0402WGF4303TCE,0402,C25786,0402WGF4303TCE,1,USB_VBUS_SENSE_MID
R417,0402WGF4303TCE,0402,C25786,0402WGF4303TCE,2,USB_VBUS_SENSE
R418,0402WGF1003TCE,0402,C25741,0402WGF1003TCE,1,BAT_PLUS
R418,0402WGF1003TCE,0402,C25741,0402WGF1003TCE,2,BAT_ADC
R419,0402WGF3302TCE,0402,C25779,0402WGF3302TCE,1,BAT_ADC
R419,0402WGF3302TCE,0402,C25779,0402WGF3302TCE,2,GND
R420,0402WGF1003TCE,0402,C25741,0402WGF1003TCE,1,3V3_SYS
R420,0402WGF1003TCE,0402,C25741,0402WGF1003TCE,2,CHG_STATUS
R421,0402WGF1003TCE,0402,C25741,0402WGF1003TCE,1,3V3_SYS
R421,0402WGF1003TCE,0402,C25741,0402WGF1003TCE,2,PGOOD_STATUS
R422,0402WGF1003TCE,0402,C25741,0402WGF1003TCE,1,BACKLIGHT_PWM
R422,0402WGF1003TCE,0402,C25741,0402WGF1003TCE,2,GND
R423,0402WGF1003TCE,0402,C25741,0402WGF1003TCE,1,SYS_RAW
R423,0402WGF1003TCE,0402,C25741,0402WGF1003TCE,2,3V3_ENABLE
R424,0402WGF1002TCE,0402,C25744,0402WGF1002TCE,1,BQ_TS
R424,0402WGF1002TCE,0402,C25744,0402WGF1002TCE,2,GND
R501,0402WGF2001TCE,0402,C4109,0402WGF2001TCE,1,AUDIO_SD_CTRL
R501,0402WGF2001TCE,0402,C4109,0402WGF2001TCE,2,AUDIO_SD_L
R502,0402WGF1003TCE,0402,C25741,0402WGF1003TCE,1,AUDIO_SD_CTRL
R502,0402WGF1003TCE,0402,C25741,0402WGF1003TCE,2,AUDIO_SD_R_MID
R503,0402WGF1103TCE,0402,C25745,0402WGF1103TCE,1,AUDIO_SD_R_MID
R503,0402WGF1103TCE,0402,C25745,0402WGF1103TCE,2,AUDIO_SD_R
R504,0402WGF1003TCE,0402,C25741,0402WGF1003TCE,1,AUDIO_SD_CTRL
R504,0402WGF1003TCE,0402,C25741,0402WGF1003TCE,2,GND
R601,0402WGF1002TCE,0402,C25744,0402WGF1002TCE,1,3V3_SYS
R601,0402WGF1002TCE,0402,C25744,0402WGF1002TCE,2,DART_LEFT
R602,0402WGF1002TCE,0402,C25744,0402WGF1002TCE,1,3V3_SYS
R602,0402WGF1002TCE,0402,C25744,0402WGF1002TCE,2,DART_RIGHT
R603,0402WGF1002TCE,0402,C25744,0402WGF1002TCE,1,3V3_SYS
R603,0402WGF1002TCE,0402,C25744,0402WGF1002TCE,2,BQ_EN1
R604,0402WGF1002TCE,0402,C25744,0402WGF1002TCE,1,BQ_EN2
R604,0402WGF1002TCE,0402,C25744,0402WGF1002TCE,2,GND
R605,0402WGF1002TCE,0402,C25744,0402WGF1002TCE,1,3V3_SYS
R605,0402WGF1002TCE,0402,C25744,0402WGF1002TCE,2,USB_CURR_OUT1
R606,0402WGF1002TCE,0402,C25744,0402WGF1002TCE,1,3V3_SYS
R606,0402WGF1002TCE,0402,C25744,0402WGF1002TCE,2,USB_CURR_OUT2
R607,0402WGF1002TCE,0402,C25744,0402WGF1002TCE,1,3V3_SYS
R607,0402WGF1002TCE,0402,C25744,0402WGF1002TCE,2,RESET_MR
SW1,D2LS-21(20M),Omron D2LS SMD,C19844152,D2LS-21(20M),,(no net)
SW1,D2LS-21(20M),Omron D2LS SMD,C19844152,D2LS-21(20M),,(no net)
SW1,D2LS-21(20M),Omron D2LS SMD,C19844152,D2LS-21(20M),COM,BTN_LEFT
SW1,D2LS-21(20M),Omron D2LS SMD,C19844152,D2LS-21(20M),NO,GND
SW2,D2LS-21(20M),Omron D2LS SMD,C19844152,D2LS-21(20M),,(no net)
SW2,D2LS-21(20M),Omron D2LS SMD,C19844152,D2LS-21(20M),,(no net)
SW2,D2LS-21(20M),Omron D2LS SMD,C19844152,D2LS-21(20M),COM,BTN_RIGHT
SW2,D2LS-21(20M),Omron D2LS SMD,C19844152,D2LS-21(20M),NO,GND
SW3,D2LS-11,Omron D2LS SMD,C719220,D2LS-11,,(no net)
SW3,D2LS-11,Omron D2LS SMD,C719220,D2LS-11,,(no net)
SW3,D2LS-11,Omron D2LS SMD,C719220,D2LS-11,COM,DART_LEFT
SW3,D2LS-11,Omron D2LS SMD,C719220,D2LS-11,NO,GND
SW4,D2LS-11,Omron D2LS SMD,C719220,D2LS-11,,(no net)
SW4,D2LS-11,Omron D2LS SMD,C719220,D2LS-11,,(no net)
SW4,D2LS-11,Omron D2LS SMD,C719220,D2LS-11,COM,DART_RIGHT
SW4,D2LS-11,Omron D2LS SMD,C719220,D2LS-11,NO,GND
SW5,B3U-1000P,Omron B3U SMD,C231329,B3U-1000P,1,PWR_WAKE
SW5,B3U-1000P,Omron B3U SMD,C231329,B3U-1000P,2,GND
SW6,B3U-1000P,Omron B3U SMD,C231329,B3U-1000P,1,RESET_MR
SW6,B3U-1000P,Omron B3U SMD,C231329,B3U-1000P,2,GND
SW7,B3U-1000P,Omron B3U SMD,C231329,B3U-1000P,1,BOOT_STRAP
SW7,B3U-1000P,Omron B3U SMD,C231329,B3U-1000P,2,GND
U1,ESP32-P4NRW32X,QFN-104 0.35 mm pitch + EP,C54540373,ESP32-P4NRW32X,1,BTN_LEFT
U1,ESP32-P4NRW32X,QFN-104 0.35 mm pitch + EP,C54540373,ESP32-P4NRW32X,2,BTN_RIGHT
U1,ESP32-P4NRW32X,QFN-104 0.35 mm pitch + EP,C54540373,ESP32-P4NRW32X,3,DART_LEFT
U1,ESP32-P4NRW32X,QFN-104 0.35 mm pitch + EP,C54540373,ESP32-P4NRW32X,4,DART_RIGHT
U1,ESP32-P4NRW32X,QFN-104 0.35 mm pitch + EP,C54540373,ESP32-P4NRW32X,5,I2S_BCLK
U1,ESP32-P4NRW32X,QFN-104 0.35 mm pitch + EP,C54540373,ESP32-P4NRW32X,6,I2S_LRCLK
U1,ESP32-P4NRW32X,QFN-104 0.35 mm pitch + EP,C54540373,ESP32-P4NRW32X,7,I2S_DOUT
U1,ESP32-P4NRW32X,QFN-104 0.35 mm pitch + EP,C54540373,ESP32-P4NRW32X,8,AUDIO_SD_CTRL
U1,ESP32-P4NRW32X,QFN-104 0.35 mm pitch + EP,C54540373,ESP32-P4NRW32X,9,3V3_SYS
U1,ESP32-P4NRW32X,QFN-104 0.35 mm pitch + EP,C54540373,ESP32-P4NRW32X,10,BACKLIGHT_PWM
U1,ESP32-P4NRW32X,QFN-104 0.35 mm pitch + EP,C54540373,ESP32-P4NRW32X,11,LCD_RESET_GATE
U1,ESP32-P4NRW32X,QFN-104 0.35 mm pitch + EP,C54540373,ESP32-P4NRW32X,12,CHG_STATUS
U1,ESP32-P4NRW32X,QFN-104 0.35 mm pitch + EP,C54540373,ESP32-P4NRW32X,13,(no net)
U1,ESP32-P4NRW32X,QFN-104 0.35 mm pitch + EP,C54540373,ESP32-P4NRW32X,14,BQ_EN1
U1,ESP32-P4NRW32X,QFN-104 0.35 mm pitch + EP,C54540373,ESP32-P4NRW32X,15,(no net)
U1,ESP32-P4NRW32X,QFN-104 0.35 mm pitch + EP,C54540373,ESP32-P4NRW32X,16,(no net)
U1,ESP32-P4NRW32X,QFN-104 0.35 mm pitch + EP,C54540373,ESP32-P4NRW32X,17,BAT_ADC
U1,ESP32-P4NRW32X,QFN-104 0.35 mm pitch + EP,C54540373,ESP32-P4NRW32X,18,USB_CURR_OUT2
U1,ESP32-P4NRW32X,QFN-104 0.35 mm pitch + EP,C54540373,ESP32-P4NRW32X,19,(no net)
U1,ESP32-P4NRW32X,QFN-104 0.35 mm pitch + EP,C54540373,ESP32-P4NRW32X,20,(no net)
U1,ESP32-P4NRW32X,QFN-104 0.35 mm pitch + EP,C54540373,ESP32-P4NRW32X,21,3V3_SYS
U1,ESP32-P4NRW32X,QFN-104 0.35 mm pitch + EP,C54540373,ESP32-P4NRW32X,22,(no net)
U1,ESP32-P4NRW32X,QFN-104 0.35 mm pitch + EP,C54540373,ESP32-P4NRW32X,23,(no net)
U1,ESP32-P4NRW32X,QFN-104 0.35 mm pitch + EP,C54540373,ESP32-P4NRW32X,24,(no net)
U1,ESP32-P4NRW32X,QFN-104 0.35 mm pitch + EP,C54540373,ESP32-P4NRW32X,25,(no net)
U1,ESP32-P4NRW32X,QFN-104 0.35 mm pitch + EP,C54540373,ESP32-P4NRW32X,26,1V1_HP
U1,ESP32-P4NRW32X,QFN-104 0.35 mm pitch + EP,C54540373,ESP32-P4NRW32X,27,FLASH_CS_SOC
U1,ESP32-P4NRW32X,QFN-104 0.35 mm pitch + EP,C54540373,ESP32-P4NRW32X,28,FLASH_IO1_SOC
U1,ESP32-P4NRW32X,QFN-104 0.35 mm pitch + EP,C54540373,ESP32-P4NRW32X,29,FLASH_IO2_SOC
U1,ESP32-P4NRW32X,QFN-104 0.35 mm pitch + EP,C54540373,ESP32-P4NRW32X,30,VDDO_FLASH_3V3
U1,ESP32-P4NRW32X,QFN-104 0.35 mm pitch + EP,C54540373,ESP32-P4NRW32X,31,FLASH_IO3_SOC
U1,ESP32-P4NRW32X,QFN-104 0.35 mm pitch + EP,C54540373,ESP32-P4NRW32X,32,FLASH_CLK_SOC
U1,ESP32-P4NRW32X,QFN-104 0.35 mm pitch + EP,C54540373,ESP32-P4NRW32X,33,FLASH_IO0_SOC
U1,ESP32-P4NRW32X,QFN-104 0.35 mm pitch + EP,C54540373,ESP32-P4NRW32X,34,DSI_REXT
U1,ESP32-P4NRW32X,QFN-104 0.35 mm pitch + EP,C54540373,ESP32-P4NRW32X,35,DSI_D1_P_SOC
U1,ESP32-P4NRW32X,QFN-104 0.35 mm pitch + EP,C54540373,ESP32-P4NRW32X,36,DSI_D1_N_SOC
U1,ESP32-P4NRW32X,QFN-104 0.35 mm pitch + EP,C54540373,ESP32-P4NRW32X,37,DSI_CLK_N_SOC
U1,ESP32-P4NRW32X,QFN-104 0.35 mm pitch + EP,C54540373,ESP32-P4NRW32X,38,DSI_CLK_P_SOC
U1,ESP32-P4NRW32X,QFN-104 0.35 mm pitch + EP,C54540373,ESP32-P4NRW32X,39,DSI_D0_P_SOC
U1,ESP32-P4NRW32X,QFN-104 0.35 mm pitch + EP,C54540373,ESP32-P4NRW32X,40,DSI_D0_N_SOC
U1,ESP32-P4NRW32X,QFN-104 0.35 mm pitch + EP,C54540373,ESP32-P4NRW32X,41,VDDO_MIPI_2V5
U1,ESP32-P4NRW32X,QFN-104 0.35 mm pitch + EP,C54540373,ESP32-P4NRW32X,42,(no net)
U1,ESP32-P4NRW32X,QFN-104 0.35 mm pitch + EP,C54540373,ESP32-P4NRW32X,43,(no net)
U1,ESP32-P4NRW32X,QFN-104 0.35 mm pitch + EP,C54540373,ESP32-P4NRW32X,44,(no net)
U1,ESP32-P4NRW32X,QFN-104 0.35 mm pitch + EP,C54540373,ESP32-P4NRW32X,45,(no net)
U1,ESP32-P4NRW32X,QFN-104 0.35 mm pitch + EP,C54540373,ESP32-P4NRW32X,46,(no net)
U1,ESP32-P4NRW32X,QFN-104 0.35 mm pitch + EP,C54540373,ESP32-P4NRW32X,47,(no net)
U1,ESP32-P4NRW32X,QFN-104 0.35 mm pitch + EP,C54540373,ESP32-P4NRW32X,48,(no net)
U1,ESP32-P4NRW32X,QFN-104 0.35 mm pitch + EP,C54540373,ESP32-P4NRW32X,49,(no net)
U1,ESP32-P4NRW32X,QFN-104 0.35 mm pitch + EP,C54540373,ESP32-P4NRW32X,50,(no net)
U1,ESP32-P4NRW32X,QFN-104 0.35 mm pitch + EP,C54540373,ESP32-P4NRW32X,51,VDD_USBPHY_LOCAL
U1,ESP32-P4NRW32X,QFN-104 0.35 mm pitch + EP,C54540373,ESP32-P4NRW32X,52,USB_JTAG_DM
U1,ESP32-P4NRW32X,QFN-104 0.35 mm pitch + EP,C54540373,ESP32-P4NRW32X,53,USB_JTAG_DP
U1,ESP32-P4NRW32X,QFN-104 0.35 mm pitch + EP,C54540373,ESP32-P4NRW32X,54,1V1_HP
U1,ESP32-P4NRW32X,QFN-104 0.35 mm pitch + EP,C54540373,ESP32-P4NRW32X,55,USB_RECOVERY_GPIO26
U1,ESP32-P4NRW32X,QFN-104 0.35 mm pitch + EP,C54540373,ESP32-P4NRW32X,56,USB_RECOVERY_GPIO27
U1,ESP32-P4NRW32X,QFN-104 0.35 mm pitch + EP,C54540373,ESP32-P4NRW32X,57,(no net)
U1,ESP32-P4NRW32X,QFN-104 0.35 mm pitch + EP,C54540373,ESP32-P4NRW32X,58,(no net)
U1,ESP32-P4NRW32X,QFN-104 0.35 mm pitch + EP,C54540373,ESP32-P4NRW32X,59,VDDO_PSRAM_1V9
U1,ESP32-P4NRW32X,QFN-104 0.35 mm pitch + EP,C54540373,ESP32-P4NRW32X,60,(no net)
U1,ESP32-P4NRW32X,QFN-104 0.35 mm pitch + EP,C54540373,ESP32-P4NRW32X,61,(no net)
U1,ESP32-P4NRW32X,QFN-104 0.35 mm pitch + EP,C54540373,ESP32-P4NRW32X,62,3V3_SYS
U1,ESP32-P4NRW32X,QFN-104 0.35 mm pitch + EP,C54540373,ESP32-P4NRW32X,63,(no net)
U1,ESP32-P4NRW32X,QFN-104 0.35 mm pitch + EP,C54540373,ESP32-P4NRW32X,64,(no net)
U1,ESP32-P4NRW32X,QFN-104 0.35 mm pitch + EP,C54540373,ESP32-P4NRW32X,65,STRAP_GPIO34
U1,ESP32-P4NRW32X,QFN-104 0.35 mm pitch + EP,C54540373,ESP32-P4NRW32X,66,BOOT_STRAP
U1,ESP32-P4NRW32X,QFN-104 0.35 mm pitch + EP,C54540373,ESP32-P4NRW32X,67,VDDO_PSRAM_1V9
U1,ESP32-P4NRW32X,QFN-104 0.35 mm pitch + EP,C54540373,ESP32-P4NRW32X,68,DOWNLOAD_STRAP_GPIO36
U1,ESP32-P4NRW32X,QFN-104 0.35 mm pitch + EP,C54540373,ESP32-P4NRW32X,69,UART0_TX
U1,ESP32-P4NRW32X,QFN-104 0.35 mm pitch + EP,C54540373,ESP32-P4NRW32X,70,UART0_RX
U1,ESP32-P4NRW32X,QFN-104 0.35 mm pitch + EP,C54540373,ESP32-P4NRW32X,71,VDDO_FLASH_3V3
U1,ESP32-P4NRW32X,QFN-104 0.35 mm pitch + EP,C54540373,ESP32-P4NRW32X,72,VDDO_PSRAM_1V9
U1,ESP32-P4NRW32X,QFN-104 0.35 mm pitch + EP,C54540373,ESP32-P4NRW32X,73,VDDO_MIPI_2V5
U1,ESP32-P4NRW32X,QFN-104 0.35 mm pitch + EP,C54540373,ESP32-P4NRW32X,74,(no net)
U1,ESP32-P4NRW32X,QFN-104 0.35 mm pitch + EP,C54540373,ESP32-P4NRW32X,75,3V3_SYS
U1,ESP32-P4NRW32X,QFN-104 0.35 mm pitch + EP,C54540373,ESP32-P4NRW32X,76,1V1_HP
U1,ESP32-P4NRW32X,QFN-104 0.35 mm pitch + EP,C54540373,ESP32-P4NRW32X,77,3V3_SYS
U1,ESP32-P4NRW32X,QFN-104 0.35 mm pitch + EP,C54540373,ESP32-P4NRW32X,78,FB_DCDC
U1,ESP32-P4NRW32X,QFN-104 0.35 mm pitch + EP,C54540373,ESP32-P4NRW32X,79,EN_DCDC
U1,ESP32-P4NRW32X,QFN-104 0.35 mm pitch + EP,C54540373,ESP32-P4NRW32X,80,(no net)
U1,ESP32-P4NRW32X,QFN-104 0.35 mm pitch + EP,C54540373,ESP32-P4NRW32X,81,(no net)
U1,ESP32-P4NRW32X,QFN-104 0.35 mm pitch + EP,C54540373,ESP32-P4NRW32X,82,(no net)
U1,ESP32-P4NRW32X,QFN-104 0.35 mm pitch + EP,C54540373,ESP32-P4NRW32X,83,(no net)
U1,ESP32-P4NRW32X,QFN-104 0.35 mm pitch + EP,C54540373,ESP32-P4NRW32X,84,USB_CURR_OUT1
U1,ESP32-P4NRW32X,QFN-104 0.35 mm pitch + EP,C54540373,ESP32-P4NRW32X,85,3V3_SYS
U1,ESP32-P4NRW32X,QFN-104 0.35 mm pitch + EP,C54540373,ESP32-P4NRW32X,86,PGOOD_STATUS
U1,ESP32-P4NRW32X,QFN-104 0.35 mm pitch + EP,C54540373,ESP32-P4NRW32X,87,(no net)
U1,ESP32-P4NRW32X,QFN-104 0.35 mm pitch + EP,C54540373,ESP32-P4NRW32X,88,BQ_EN2
U1,ESP32-P4NRW32X,QFN-104 0.35 mm pitch + EP,C54540373,ESP32-P4NRW32X,89,(no net)
U1,ESP32-P4NRW32X,QFN-104 0.35 mm pitch + EP,C54540373,ESP32-P4NRW32X,90,(no net)
U1,ESP32-P4NRW32X,QFN-104 0.35 mm pitch + EP,C54540373,ESP32-P4NRW32X,91,1V1_HP
U1,ESP32-P4NRW32X,QFN-104 0.35 mm pitch + EP,C54540373,ESP32-P4NRW32X,92,(no net)
U1,ESP32-P4NRW32X,QFN-104 0.35 mm pitch + EP,C54540373,ESP32-P4NRW32X,93,(no net)
U1,ESP32-P4NRW32X,QFN-104 0.35 mm pitch + EP,C54540373,ESP32-P4NRW32X,94,(no net)
U1,ESP32-P4NRW32X,QFN-104 0.35 mm pitch + EP,C54540373,ESP32-P4NRW32X,95,(no net)
U1,ESP32-P4NRW32X,QFN-104 0.35 mm pitch + EP,C54540373,ESP32-P4NRW32X,96,3V3_SYS
U1,ESP32-P4NRW32X,QFN-104 0.35 mm pitch + EP,C54540373,ESP32-P4NRW32X,97,(no net)
U1,ESP32-P4NRW32X,QFN-104 0.35 mm pitch + EP,C54540373,ESP32-P4NRW32X,98,(no net)
U1,ESP32-P4NRW32X,QFN-104 0.35 mm pitch + EP,C54540373,ESP32-P4NRW32X,99,XTAL_N_SOC
U1,ESP32-P4NRW32X,QFN-104 0.35 mm pitch + EP,C54540373,ESP32-P4NRW32X,100,XTAL_P_SOC
U1,ESP32-P4NRW32X,QFN-104 0.35 mm pitch + EP,C54540373,ESP32-P4NRW32X,101,3V3_SYS
U1,ESP32-P4NRW32X,QFN-104 0.35 mm pitch + EP,C54540373,ESP32-P4NRW32X,102,3V3_SYS
U1,ESP32-P4NRW32X,QFN-104 0.35 mm pitch + EP,C54540373,ESP32-P4NRW32X,103,CHIP_PU
U1,ESP32-P4NRW32X,QFN-104 0.35 mm pitch + EP,C54540373,ESP32-P4NRW32X,104,PWR_WAKE
U1,ESP32-P4NRW32X,QFN-104 0.35 mm pitch + EP,C54540373,ESP32-P4NRW32X,105,GND
U1,ESP32-P4NRW32X,QFN-104 0.35 mm pitch + EP,C54540373,ESP32-P4NRW32X,105,GND
U1,ESP32-P4NRW32X,QFN-104 0.35 mm pitch + EP,C54540373,ESP32-P4NRW32X,105,GND
U1,ESP32-P4NRW32X,QFN-104 0.35 mm pitch + EP,C54540373,ESP32-P4NRW32X,105,GND
U1,ESP32-P4NRW32X,QFN-104 0.35 mm pitch + EP,C54540373,ESP32-P4NRW32X,105,GND
U1,ESP32-P4NRW32X,QFN-104 0.35 mm pitch + EP,C54540373,ESP32-P4NRW32X,105,GND
U1,ESP32-P4NRW32X,QFN-104 0.35 mm pitch + EP,C54540373,ESP32-P4NRW32X,105,GND
U1,ESP32-P4NRW32X,QFN-104 0.35 mm pitch + EP,C54540373,ESP32-P4NRW32X,105,GND
U1,ESP32-P4NRW32X,QFN-104 0.35 mm pitch + EP,C54540373,ESP32-P4NRW32X,105,GND
U2,W25Q512JVEIQ TR,WSON-8 8x6 mm,C7389628,W25Q512JVEIQ TR,1,FLASH_CS_N
U2,W25Q512JVEIQ TR,WSON-8 8x6 mm,C7389628,W25Q512JVEIQ TR,2,FLASH_IO1
U2,W25Q512JVEIQ TR,WSON-8 8x6 mm,C7389628,W25Q512JVEIQ TR,3,FLASH_IO2
U2,W25Q512JVEIQ TR,WSON-8 8x6 mm,C7389628,W25Q512JVEIQ TR,4,GND
U2,W25Q512JVEIQ TR,WSON-8 8x6 mm,C7389628,W25Q512JVEIQ TR,5,FLASH_IO0
U2,W25Q512JVEIQ TR,WSON-8 8x6 mm,C7389628,W25Q512JVEIQ TR,6,FLASH_CLK
U2,W25Q512JVEIQ TR,WSON-8 8x6 mm,C7389628,W25Q512JVEIQ TR,7,FLASH_IO3
U2,W25Q512JVEIQ TR,WSON-8 8x6 mm,C7389628,W25Q512JVEIQ TR,8,VDDO_FLASH_3V3
U2,W25Q512JVEIQ TR,WSON-8 8x6 mm,C7389628,W25Q512JVEIQ TR,EP,GND
U3,TLV62569DBVR,SOT-23-5,C141836,TLV62569DBVR,1,EN_DCDC
U3,TLV62569DBVR,SOT-23-5,C141836,TLV62569DBVR,2,GND
U3,TLV62569DBVR,SOT-23-5,C141836,TLV62569DBVR,3,CORE_SW
U3,TLV62569DBVR,SOT-23-5,C141836,TLV62569DBVR,4,3V3_SYS
U3,TLV62569DBVR,SOT-23-5,C141836,TLV62569DBVR,5,FB_DCDC
U4,TPS63070RNMR,VQFN-HR-15 (TI RNM0015A),C109322,TPS63070RNMR,1,SYS_RAW
U4,TPS63070RNMR,VQFN-HR-15 (TI RNM0015A),C109322,TPS63070RNMR,2,NC_U4_PG
U4,TPS63070RNMR,VQFN-HR-15 (TI RNM0015A),C109322,TPS63070RNMR,3,U4_VAUX
U4,TPS63070RNMR,VQFN-HR-15 (TI RNM0015A),C109322,TPS63070RNMR,4,GND
U4,TPS63070RNMR,VQFN-HR-15 (TI RNM0015A),C109322,TPS63070RNMR,5,U4_FB
U4,TPS63070RNMR,VQFN-HR-15 (TI RNM0015A),C109322,TPS63070RNMR,6,NC_U4_FB2
U4,TPS63070RNMR,VQFN-HR-15 (TI RNM0015A),C109322,TPS63070RNMR,7,3V3_SYS
U4,TPS63070RNMR,VQFN-HR-15 (TI RNM0015A),C109322,TPS63070RNMR,8,3V3_SYS
U4,TPS63070RNMR,VQFN-HR-15 (TI RNM0015A),C109322,TPS63070RNMR,9,U4_L2_SW
U4,TPS63070RNMR,VQFN-HR-15 (TI RNM0015A),C109322,TPS63070RNMR,10,GND
U4,TPS63070RNMR,VQFN-HR-15 (TI RNM0015A),C109322,TPS63070RNMR,11,U4_L1_SW
U4,TPS63070RNMR,VQFN-HR-15 (TI RNM0015A),C109322,TPS63070RNMR,12,SYS_RAW
U4,TPS63070RNMR,VQFN-HR-15 (TI RNM0015A),C109322,TPS63070RNMR,13,SYS_RAW
U4,TPS63070RNMR,VQFN-HR-15 (TI RNM0015A),C109322,TPS63070RNMR,14,3V3_ENABLE
U4,TPS63070RNMR,VQFN-HR-15 (TI RNM0015A),C109322,TPS63070RNMR,15,GND
U5,TLV75518PDBVR,SOT-23-5,C2877863,TLV75518PDBVR,1,3V3_SYS
U5,TLV75518PDBVR,SOT-23-5,C2877863,TLV75518PDBVR,2,GND
U5,TLV75518PDBVR,SOT-23-5,C2877863,TLV75518PDBVR,3,3V3_SYS
U5,TLV75518PDBVR,SOT-23-5,C2877863,TLV75518PDBVR,4,(no net)
U5,TLV75518PDBVR,SOT-23-5,C2877863,TLV75518PDBVR,5,LCD_1V8
U6,TLV75530PDBVR,SOT-23-5,C507268,TLV75530PDBVR,1,3V3_SYS
U6,TLV75530PDBVR,SOT-23-5,C507268,TLV75530PDBVR,2,GND
U6,TLV75530PDBVR,SOT-23-5,C507268,TLV75530PDBVR,3,3V3_SYS
U6,TLV75530PDBVR,SOT-23-5,C507268,TLV75530PDBVR,4,(no net)
U6,TLV75530PDBVR,SOT-23-5,C507268,TLV75530PDBVR,5,LCD_VCI_3V0
U7,TPS61165DBVR,SOT-23-6,C58756,TPS61165DBVR,1,SYS_RAW
U7,TPS61165DBVR,SOT-23-6,C58756,TPS61165DBVR,2,BACKLIGHT_PWM
U7,TPS61165DBVR,SOT-23-6,C58756,TPS61165DBVR,3,BL_SW
U7,TPS61165DBVR,SOT-23-6,C58756,TPS61165DBVR,4,GND
U7,TPS61165DBVR,SOT-23-6,C58756,TPS61165DBVR,5,BL_COMP
U7,TPS61165DBVR,SOT-23-6,C58756,TPS61165DBVR,6,LCD_LED_K
U8,MAX98357AETE+T,TQFN-16 3x3 mm,C910544,MAX98357AETE+T,1,I2S_DOUT
U8,MAX98357AETE+T,TQFN-16 3x3 mm,C910544,MAX98357AETE+T,2,GND
U8,MAX98357AETE+T,TQFN-16 3x3 mm,C910544,MAX98357AETE+T,3,GND
U8,MAX98357AETE+T,TQFN-16 3x3 mm,C910544,MAX98357AETE+T,4,AUDIO_SD_L
U8,MAX98357AETE+T,TQFN-16 3x3 mm,C910544,MAX98357AETE+T,5,(no net)
U8,MAX98357AETE+T,TQFN-16 3x3 mm,C910544,MAX98357AETE+T,6,(no net)
U8,MAX98357AETE+T,TQFN-16 3x3 mm,C910544,MAX98357AETE+T,7,SYS_RAW
U8,MAX98357AETE+T,TQFN-16 3x3 mm,C910544,MAX98357AETE+T,8,SYS_RAW
U8,MAX98357AETE+T,TQFN-16 3x3 mm,C910544,MAX98357AETE+T,9,SPK_L_P
U8,MAX98357AETE+T,TQFN-16 3x3 mm,C910544,MAX98357AETE+T,10,SPK_L_N
U8,MAX98357AETE+T,TQFN-16 3x3 mm,C910544,MAX98357AETE+T,11,GND
U8,MAX98357AETE+T,TQFN-16 3x3 mm,C910544,MAX98357AETE+T,12,(no net)
U8,MAX98357AETE+T,TQFN-16 3x3 mm,C910544,MAX98357AETE+T,13,(no net)
U8,MAX98357AETE+T,TQFN-16 3x3 mm,C910544,MAX98357AETE+T,14,I2S_LRCLK
U8,MAX98357AETE+T,TQFN-16 3x3 mm,C910544,MAX98357AETE+T,15,GND
U8,MAX98357AETE+T,TQFN-16 3x3 mm,C910544,MAX98357AETE+T,16,I2S_BCLK
U8,MAX98357AETE+T,TQFN-16 3x3 mm,C910544,MAX98357AETE+T,EP,GND
U9,MAX98357AETE+T,TQFN-16 3x3 mm,C910544,MAX98357AETE+T,1,I2S_DOUT
U9,MAX98357AETE+T,TQFN-16 3x3 mm,C910544,MAX98357AETE+T,2,GND
U9,MAX98357AETE+T,TQFN-16 3x3 mm,C910544,MAX98357AETE+T,3,GND
U9,MAX98357AETE+T,TQFN-16 3x3 mm,C910544,MAX98357AETE+T,4,AUDIO_SD_R
U9,MAX98357AETE+T,TQFN-16 3x3 mm,C910544,MAX98357AETE+T,5,(no net)
U9,MAX98357AETE+T,TQFN-16 3x3 mm,C910544,MAX98357AETE+T,6,(no net)
U9,MAX98357AETE+T,TQFN-16 3x3 mm,C910544,MAX98357AETE+T,7,SYS_RAW
U9,MAX98357AETE+T,TQFN-16 3x3 mm,C910544,MAX98357AETE+T,8,SYS_RAW
U9,MAX98357AETE+T,TQFN-16 3x3 mm,C910544,MAX98357AETE+T,9,SPK_R_P
U9,MAX98357AETE+T,TQFN-16 3x3 mm,C910544,MAX98357AETE+T,10,SPK_R_N
U9,MAX98357AETE+T,TQFN-16 3x3 mm,C910544,MAX98357AETE+T,11,GND
U9,MAX98357AETE+T,TQFN-16 3x3 mm,C910544,MAX98357AETE+T,12,(no net)
U9,MAX98357AETE+T,TQFN-16 3x3 mm,C910544,MAX98357AETE+T,13,(no net)
U9,MAX98357AETE+T,TQFN-16 3x3 mm,C910544,MAX98357AETE+T,14,I2S_LRCLK
U9,MAX98357AETE+T,TQFN-16 3x3 mm,C910544,MAX98357AETE+T,15,GND
U9,MAX98357AETE+T,TQFN-16 3x3 mm,C910544,MAX98357AETE+T,16,I2S_BCLK
U9,MAX98357AETE+T,TQFN-16 3x3 mm,C910544,MAX98357AETE+T,EP,GND
U10,BQ24074RGTR,VQFN-16 (TI RGT0016C),C54313,BQ24074RGTR,1,BQ_TS
U10,BQ24074RGTR,VQFN-16 (TI RGT0016C),C54313,BQ24074RGTR,2,BAT_PLUS
U10,BQ24074RGTR,VQFN-16 (TI RGT0016C),C54313,BQ24074RGTR,3,BAT_PLUS
U10,BQ24074RGTR,VQFN-16 (TI RGT0016C),C54313,BQ24074RGTR,4,GND
U10,BQ24074RGTR,VQFN-16 (TI RGT0016C),C54313,BQ24074RGTR,5,BQ_EN2
U10,BQ24074RGTR,VQFN-16 (TI RGT0016C),C54313,BQ24074RGTR,6,BQ_EN1
U10,BQ24074RGTR,VQFN-16 (TI RGT0016C),C54313,BQ24074RGTR,7,PGOOD_STATUS
U10,BQ24074RGTR,VQFN-16 (TI RGT0016C),C54313,BQ24074RGTR,8,GND
U10,BQ24074RGTR,VQFN-16 (TI RGT0016C),C54313,BQ24074RGTR,9,CHG_STATUS
U10,BQ24074RGTR,VQFN-16 (TI RGT0016C),C54313,BQ24074RGTR,10,SYS_RAW
U10,BQ24074RGTR,VQFN-16 (TI RGT0016C),C54313,BQ24074RGTR,11,SYS_RAW
U10,BQ24074RGTR,VQFN-16 (TI RGT0016C),C54313,BQ24074RGTR,12,BQ_ILIM
U10,BQ24074RGTR,VQFN-16 (TI RGT0016C),C54313,BQ24074RGTR,13,USB_VBUS
U10,BQ24074RGTR,VQFN-16 (TI RGT0016C),C54313,BQ24074RGTR,14,BQ_TMR
U10,BQ24074RGTR,VQFN-16 (TI RGT0016C),C54313,BQ24074RGTR,15,BQ_ITERM
U10,BQ24074RGTR,VQFN-16 (TI RGT0016C),C54313,BQ24074RGTR,16,BQ_ISET
U10,BQ24074RGTR,VQFN-16 (TI RGT0016C),C54313,BQ24074RGTR,EP,GND
U11,TPD2EUSB30DRTR,X2SON-3 1x1 mm (TI DRT),C97502,TPD2EUSB30DRTR,1,USB_DP_CONN
U11,TPD2EUSB30DRTR,X2SON-3 1x1 mm (TI DRT),C97502,TPD2EUSB30DRTR,2,USB_DM_CONN
U11,TPD2EUSB30DRTR,X2SON-3 1x1 mm (TI DRT),C97502,TPD2EUSB30DRTR,3,GND
U12,TPD2EUSB30DRTR,X2SON-3 1x1 mm (TI DRT),C97502,TPD2EUSB30DRTR,1,USB_CC1
U12,TPD2EUSB30DRTR,X2SON-3 1x1 mm (TI DRT),C97502,TPD2EUSB30DRTR,2,USB_CC2
U12,TPD2EUSB30DRTR,X2SON-3 1x1 mm (TI DRT),C97502,TPD2EUSB30DRTR,3,GND
U13,TUSB320LAIRWBR,X2QFN-12 (TI RWB0012A),C132554,TUSB320LAIRWBR,1,USB_CC1
U13,TUSB320LAIRWBR,X2QFN-12 (TI RWB0012A),C132554,TUSB320LAIRWBR,2,USB_CC2
U13,TUSB320LAIRWBR,X2QFN-12 (TI RWB0012A),C132554,TUSB320LAIRWBR,3,GND
U13,TUSB320LAIRWBR,X2QFN-12 (TI RWB0012A),C132554,TUSB320LAIRWBR,4,USB_VBUS_SENSE
U13,TUSB320LAIRWBR,X2QFN-12 (TI RWB0012A),C132554,TUSB320LAIRWBR,5,NC_TUSB_ADDR
U13,TUSB320LAIRWBR,X2QFN-12 (TI RWB0012A),C132554,TUSB320LAIRWBR,6,NC_TUSB_OUT3
U13,TUSB320LAIRWBR,X2QFN-12 (TI RWB0012A),C132554,TUSB320LAIRWBR,7,USB_CURR_OUT1
U13,TUSB320LAIRWBR,X2QFN-12 (TI RWB0012A),C132554,TUSB320LAIRWBR,8,USB_CURR_OUT2
U13,TUSB320LAIRWBR,X2QFN-12 (TI RWB0012A),C132554,TUSB320LAIRWBR,9,NC_TUSB_ID
U13,TUSB320LAIRWBR,X2QFN-12 (TI RWB0012A),C132554,TUSB320LAIRWBR,10,GND
U13,TUSB320LAIRWBR,X2QFN-12 (TI RWB0012A),C132554,TUSB320LAIRWBR,11,GND
U13,TUSB320LAIRWBR,X2QFN-12 (TI RWB0012A),C132554,TUSB320LAIRWBR,12,3V3_SYS
U14,TPS3808G33DBVR,SOT-23-6,C43698,TPS3808G33DBVR,1,CHIP_PU
U14,TPS3808G33DBVR,SOT-23-6,C43698,TPS3808G33DBVR,2,GND
U14,TPS3808G33DBVR,SOT-23-6,C43698,TPS3808G33DBVR,3,RESET_MR
U14,TPS3808G33DBVR,SOT-23-6,C43698,TPS3808G33DBVR,4,NC_U14_CT
U14,TPS3808G33DBVR,SOT-23-6,C43698,TPS3808G33DBVR,5,3V3_SYS
U14,TPS3808G33DBVR,SOT-23-6,C43698,TPS3808G33DBVR,6,3V3_SYS
Y1,L327S400H11L,SMD3225-4P crystal,C5261245,L327S400H11L,1,XTAL_P
Y1,L327S400H11L,SMD3225-4P crystal,C5261245,L327S400H11L,2,GND
Y1,L327S400H11L,SMD3225-4P crystal,C5261245,L327S400H11L,3,XTAL_N
Y1,L327S400H11L,SMD3225-4P crystal,C5261245,L327S400H11L,4,GND
